{
  "Site_code": "120LOWTT",
  "Site_Name": "Lower Radbourne",
  "Area": "F28-009",
  "Type": "Fill",
  "Context": 9108,
  "Colour": "Brown Orange",
  "Munsell_Number": null,
  "Texture": null,
  "Composition": "Silty clay",
  "Inclusions": "Small stones",
  "Inclusion_Quantity": "occ",
  "Excavation_Method": "Not excavated",
  "Other_comments": null,
  "Shape_in_plan": null,
  "Corners": null,
  "Break_in_slope_top": null,
  "Sides": null,
  "Break_in_slope_Base": null,
  "Base": null,
  "Orientation": null,
  "Inclination_of_Axis": null,
  "Fill_Nos": null,
  "Other_comments_2": null,
  "Length": "2.5m",
  "Width": "2.26",
  "Depth": null,
  "Diameter": null,
  "Stratigraphic_Relationship": {
    "above": [],
    "current_context": [9108],
    "below": [9107, 9101]
  }
}

