{
  "Site_code": "1020 LOWTT",
  "Grid_Ref": "443811.711 256949.217",
  "Area": "F28",
  "Field_Area_No": 9,
  "Trench_No": 91,
  "Size_of_Trench": "25 x 1.8m",
  "Superficial_Geology": "mid - orangery brown mottled grey clay\nmid - dark grey brown stony earth",
  "Soil_Type": null,
  "Stage_of_Agriculture": null,
  "Crop_vegetation_type": null,
  "Weather": "warm + dry + sunny",
  "Topsoil_Depth": "0.32m",
  "Context": 9105,
  "Stratigraphic_Relationship": {
    "above": [9104, 9106],
    "current": [9105],
    "below": [9103, 9108]
  },
  "Photo_Number_Digital": "1/473-479",
  "SMF_NOS": null
}

