{
  "Site_code": "IC20LOWTT",
  "Site_Name": "Lower Radbourne",
  "Type": "Cut",
  "Context": 9105,
  "Area": "F28-009",
  "Plan_No": null,
  "Sheet_No": null,
  "Photo_Number_Digital": "01/435-436",
  "Section_No": null,
  "B/W_Film": null,
  "Colour_Slide": null,
  "Interpretation_and_Other_Comments": "Furrow - Not excavated",
  "Easting": 443808.786,
  "Northing": 256949.105,
  "Height_aOD": 10042,
  "Initial_and_Date": "CLH",
  "Checked_by_and_date": null,
  "Stratigraphic_Relationship": {
    "above": [],
    "current_context": [9105],
    "below": []
  }
}

