{
  "Site_code": "IC20LOWTT",
  "Site_Name": "Lower Radbourne",
  "Type": "Cut",
  "Area": "F28-009",
  "Context": 9103,
  "Deposit": {
    "Colour": "linear",
    "Munsell_Number": null,
    "Texture": null,
    "Composition": null,
    "Inclusions": null,
    "Inclusion_Quantity": null,
    "Excavation_Method": "NW-SE",
    "Other_comments": null
  },
  "Cut": {
    "Shape_in_plan": null,
    "Corners": null,
    "Break_in_slope_-_top": null,
    "Sides": null,
    "Break_in_slope_-_Base": null,
    "Base": null,
    "Orientation": null,
    "Inclination_of_Axis": null,
    "Fill_Nos": [9104],
    "Other_comments": "Not excavated"
  },
  "Dimensions": {
    "Length": "2.8m",
    "Width": "2.8",
    "Depth": null,
    "Diameter": null
  },
  "Stratigraphic_Relationship": {
    "above": [],
    "current_context": [9103],
    "below": [9102, 9104]
  },
  "Description": "NW-SE aligned furrow. Not excavated",
  "Environmental_Sample_No": null,
  "Number_of_Bags/Tubs": null,
  "Finds": {
    "Lithic": null,
    "Pot": null,
    "Metal": null,
    "Bone": null,
    "CBM": null,
    "Glass": null,
    "Wood": null
  },
  "Other": null,
  "Sample_Type": null,
  "Contamination": null,
  "Vol_%_of_Total_Context": null,
  "Small_Finds/comments": null
}

