{
  "Site_code": "IC20LOWTT",
  "Site_Name": "Lower Radbourne",
  "Area": "F28-009",
  "Type": "Cut",
  "Context": 9105,
  "Stratigraphic_Relationship": {
    "above": [],
    "current": 9105,
    "below": [9102, 9106]
  },
  "Dimensions": {
    "Length": "2.38m",
    "Width": "2.68",
    "Depth": null,
    "Diameter": null
  },
  "Description": "NW-SE aligned furrow. Not excavated",
  "Environmental_Sample_No": null,
  "Number_of_Bags_Tubs": null,
  "Finds": {
    "Lithic": null,
    "Pot": null,
    "Metal": null,
    "Bone": null,
    "CBM": null,
    "Glass": null,
    "Wood": null,
    "Small_finds_comments": null
  },
  "Other": null,
  "Colour": "linear",
  "Munsell_Number": null,
  "Texture": null,
  "Composition": null,
  "Inclusions": null,
  "Inclusion_Quantity": null,
  "Excavation_Method": "NW-SE",
  "Other_comments": "(9106) Not excavated"
}

