{
  "Site_code": "K2OLOWTT",
  "Site_Name": "Lower Radbourne",
  "Area": "F28-009",
  "Type": "Fill",
  "Context": 9106,
  "Colour": "Brown Orange",
  "Munsell_Number": null,
  "Texture": null,
  "Composition": "Silty clay",
  "Inclusions": "Small stones",
  "Inclusion_Quantity": "occ",
  "Excavation_Method": "Not excavated",
  "Other_comments": null,
  "Length": 2.38,
  "Width": 2.68,
  "Depth": null,
  "Diameter": null,
  "Description": "Brown Orange silty clay",
  "Stratigraphic_Relationship": {
    "above": [],
    "current_context": [9106],
    "below": [9105,9101]
  }
}

