{
  "Site_code": "1KZOLOWTT",
  "Site_Name": "Lower Radbourne",
  "Area": "F28-009",
  "Type": "Deposit",
  "Context": 9102,
  "Deposit": {
    "Colour": "Orange yellow",
    "Munsell_Number": null,
    "Texture": null,
    "Composition": "Silty clay",
    "Inclusions": null,
    "Inclusion_Quantity": null,
    "Excavation_Method": null,
    "Other_comments": null
  },
  "Cut": {
    "Shape_in_plan": null,
    "Corners": null,
    "Break_in_slope_top": null,
    "Sides": null,
    "Break_in_slope_Base": null,
    "Base": null,
    "Orientation": null,
    "Inclination_of_Axis": null,
    "Fill_Nos": null,
    "Other_comments": null
  },
  "Dimensions": {
    "Length": "25m",
    "Width": "102",
    "Depth": null,
    "Diameter": null
  },
  "Stratigraphic_Relationship": {
    "above": [],
    "current_context": 9102,
    "below": [9103, 9105, 9107]
  },
  "Description": "Natural Geology",
  "Environmental_Sample_No": null,
  "Number_of_Bags_Tubs": null,
  "Finds": {
    "Lithic": null,
    "Pot": null,
    "Metal": null,
    "Bone": null,
    "CBM": null,
    "Glass": null,
    "Wood": null,
    "Small_finds_comments": null
  },
  "Other": null,
  "Sample_Type": null,
  "Contamination": null,
  "Vol": null
}

