{
  "Site_code": "IC20LOWTT",
  "Site_Name": "Lower Radbourne",
  "Type": "Cut",
  "Context": 9107,
  "Area": "F28-005",
  "Deposit": null,
  "Colour": "linear",
  "Munsell_Number": null,
  "Texture": null,
  "Composition": null,
  "Inclusions": null,
  "Inclusion_Quantity": null,
  "Excavation_Method": "NW-SE",
  "Other_comments": "Not excavated",
  "Cut_Shape_in_plan": null,
  "Cut_Corners": null,
  "Cut_Break_in_slope_top": null,
  "Cut_Sides": null,
  "Cut_Break_in_slope_Base": null,
  "Cut_Base": null,
  "Cut_Orientation": null,
  "Cut_Inclination_of_Axis": null,
  "Cut_Fill_Nos": "(9108)",
  "Cut_Other_comments": null,
  "Dimensions_Length": 2.5,
  "Dimensions_Width": 2.26,
  "Dimensions_Depth": null,
  "Dimensions_Diameter": null,
  "Stratigraphic_Relationship": {
    "above": [],
    "current_context": [9107],
    "below": [9102, 9108]
  },
  "Description": null,
  "Environmental_Sample_No": null,
  "Number_of_Bags_Tubs": null,
  "Finds_Lithic": null,
  "Finds_Pot": null,
  "Finds_Metal": null,
  "Finds_Bone": null,
  "Finds_CBM": null,
  "Finds_Glass": null,
  "Finds_Wood": null,
  "Small_finds_comments": null,
  "Sample_Type": null,
  "Contamination": null,
  "Vol": null,
  "Vol_of_Total_Context": null

}

